0,0,0,179.9998,0,49.1825,0,0,10
-0.0008,-0.05,-3.0441,179.999,-0.0007,49.1799,0.001,0.061,10
-0.0012,-0.0612,-1.6504,179.9983,-0.0014,49.1766,0.0012,0.0305,10
-0.0021,-0.0853,-2.5075,179.9976,-0.0022,49.1706,0.0017,0.0521,10
-0.0029,-0.1117,-3.5785,179.9966,-0.0031,49.1654,0.0022,0.0703,10
-0.0045,-0.1402,-2.4361,179.9952,-0.0046,49.1542,0.0028,0.0498,10
-0.0062,-0.1734,-3.4824,179.9933,-0.0065,49.1431,0.0035,0.0681,10
-0.0082,-0.203,-2.9266,179.9911,-0.0086,49.1293,0.0041,0.0593,10
-0.0103,-0.2324,-3.3218,179.9887,-0.0111,49.1155,0.0046,0.0656,10
-0.0132,-0.2621,-2.699,179.9858,-0.0139,49.0958,0.0052,0.0554,10
-0.016,-0.2946,-3.318,179.9825,-0.0173,49.0761,0.0059,0.065,10
-0.0189,-0.3232,-3.2081,179.9791,-0.0207,49.0572,0.0065,0.0644,10
-0.0226,-0.3521,-2.757,179.9752,-0.0245,49.0323,0.0071,0.0569,10
-0.0263,-0.3837,-3.2716,179.9709,-0.0288,49.0067,0.0077,0.0643,10
-0.0304,-0.4133,-2.9743,179.9663,-0.0334,48.9793,0.0083,0.0608,10
-0.035,-0.4441,-3.0252,179.9613,-0.0385,48.9493,0.0089,0.0611,10
-0.0399,-0.4756,-3.0324,179.9557,-0.044,48.9152,0.0095,0.0614,10
-0.0448,-0.5067,-3.1984,179.95,-0.0498,48.8826,0.0102,0.064,10
-0.0502,-0.5365,-2.9865,179.9439,-0.0558,48.8468,0.0108,0.0615,10
-0.0559,-0.5672,-3.0332,179.9374,-0.0623,48.8084,0.0114,0.0617,10
-0.0617,-0.5978,-3.183,179.9307,-0.0691,48.7693,0.012,0.0641,10
-0.0678,-0.6272,-2.9886,179.9237,-0.0761,48.7284,0.0126,0.062,10
-0.0744,-0.6575,-3.0353,179.9162,-0.0836,48.6842,0.0133,0.0622,10
-0.0814,-0.6883,-3.0391,179.9082,-0.0915,48.6375,0.0139,0.0625,10
-0.0888,-0.7195,-3.0423,179.8998,-0.1,48.5875,0.0145,0.0628,10
-0.0961,-0.7506,-3.1666,179.8911,-0.1087,48.5383,0.0152,0.0646,10
-0.1039,-0.7805,-2.9997,179.8821,-0.1176,48.4859,0.0158,0.0631,10
-0.1121,-0.8112,-3.0432,179.8727,-0.1271,48.431,0.0164,0.0633,10
-0.1203,-0.842,-3.1602,179.863,-0.1368,48.3762,0.0171,0.0651,10
-0.1293,-0.8719,-2.8989,179.8528,-0.147,48.3163,0.0177,0.0624,10
-0.1383,-0.9037,-3.1951,179.8421,-0.1576,48.2559,0.0184,0.0655,10
-0.1477,-0.9339,-3.0066,179.8312,-0.1686,48.1936,0.019,0.0643,10
-0.1571,-0.9647,-3.1539,179.82,-0.1797,48.1315,0.0196,0.0659,10
-0.1673,-0.9945,-2.9095,179.8084,-0.1914,48.0629,0.0203,0.0636,10
-0.1775,-1.0262,-3.1902,179.7962,-0.2036,47.9959,0.021,0.0663,10
-0.1881,-1.0564,-3.0093,179.7838,-0.216,47.9244,0.0216,0.0654,10
-0.1987,-1.0871,-3.1495,179.7711,-0.2287,47.855,0.0223,0.0668,10
-0.2101,-1.1169,-2.918,179.7579,-0.2418,47.7787,0.0229,0.0649,10
-0.2215,-1.1485,-3.1869,179.7443,-0.2555,47.7032,0.0236,0.0674,10
-0.2333,-1.1786,-3.0117,179.7303,-0.2694,47.6246,0.0243,0.0666,10
-0.2454,-1.2094,-3.0536,179.7159,-0.2838,47.5443,0.0249,0.0669,10
-0.2576,-1.2403,-3.1456,179.7012,-0.2985,47.4636,0.0256,0.0683,10
-0.2702,-1.2701,-3.012,179.6863,-0.3135,47.3811,0.0263,0.0676,10
-0.2836,-1.3007,-2.9721,179.6706,-0.3292,47.2925,0.027,0.0671,10
-0.2965,-1.3325,-3.2762,179.6546,-0.3451,47.2073,0.0277,0.0703,10
-0.3103,-1.3617,-2.8897,179.6384,-0.3614,47.1172,0.0283,0.0677,10
-0.324,-1.3932,-3.1839,179.6217,-0.3781,47.026,0.029,0.0701,10
-0.3386,-1.4232,-2.9374,179.6044,-0.3953,46.9308,0.0297,0.0686,10
-0.3531,-1.4549,-3.1819,179.5867,-0.4131,46.8351,0.0304,0.0709,10
-0.368,-1.4853,-3.019,179.5687,-0.4311,46.7371,0.0311,0.0704,10
-0.3829,-1.5162,-3.1425,179.5504,-0.4494,46.6394,0.0319,0.0716,10
-0.3986,-1.546,-2.9417,179.5316,-0.4682,46.5371,0.0326,0.0704,10
-0.4143,-1.5777,-3.1822,179.5123,-0.4875,46.4343,0.0333,0.0725,10
-0.4304,-1.6079,-3.0208,179.4927,-0.5071,46.3301,0.034,0.0721,10
-0.4469,-1.6386,-3.063,179.4725,-0.5272,46.223,0.0347,0.0726,10
-0.4633,-1.6696,-3.1422,179.4522,-0.5476,46.1162,0.0355,0.0739,10
-0.4805,-1.6994,-2.948,179.4312,-0.5685,46.0043,0.0362,0.0728,10
-0.4977,-1.7311,-3.1826,179.4098,-0.59,45.8933,0.0369,0.0748,10
-0.5153,-1.7613,-3.024,179.3881,-0.6117,45.7789,0.0377,0.0746,10
-0.5333,-1.792,-3.0664,179.3658,-0.6339,45.6631,0.0384,0.0751,10
-0.5516,-1.8229,-3.0674,179.343,-0.6567,45.5439,0.0392,0.0757,10
-0.5699,-1.8539,-3.1428,179.32,-0.6798,45.4258,0.04,0.0769,10
-0.5886,-1.884,-3.0259,179.2966,-0.7031,45.3063,0.0407,0.0767,10
-0.6081,-1.9145,-2.9987,179.2725,-0.7273,45.1812,0.0415,0.0767,10
-0.6276,-1.9463,-3.1837,179.2478,-0.752,45.0558,0.0423,0.0787,10
-0.647,-1.9768,-3.1019,179.2231,-0.7767,44.9321,0.0431,0.0792,10
-0.6672,-2.0065,-2.9585,179.1978,-0.802,44.8029,0.0439,0.0785,10
-0.6877,-2.0379,-3.1138,179.1717,-0.828,44.6717,0.0447,0.0798,10
-0.7083,-2.0692,-3.1447,179.1454,-0.8544,44.5411,0.0455,0.0811,10
-0.7292,-2.0993,-3.0314,179.1187,-0.881,44.4085,0.0463,0.0811,10
-0.7504,-2.13,-3.0747,179.0915,-0.9082,44.2729,0.0471,0.0819,10
-0.7721,-2.1608,-3.0756,179.0637,-0.936,44.1361,0.0479,0.0825,10
-0.7941,-2.1917,-3.0766,179.0354,-0.9643,43.9975,0.0488,0.0831,10
-0.8164,-2.2227,-3.0776,179.0065,-0.9932,43.8565,0.0496,0.0839,10
-0.8388,-2.2539,-3.1477,178.9773,-1.0224,43.716,0.0504,0.0852,10
-0.8618,-2.2839,-2.9699,178.9476,-1.0522,43.5703,0.0513,0.0849,10
-0.8849,-2.3156,-3.1906,178.9173,-1.0825,43.4258,0.0522,0.0868,10
-0.9083,-2.3459,-3.038,178.8866,-1.1132,43.2796,0.053,0.0869,10
-0.932,-2.3767,-3.0817,178.8554,-1.1444,43.1306,0.0539,0.0878,10
-0.9561,-2.4076,-3.0828,178.8236,-1.1762,42.9811,0.0548,0.0885,10
-0.9806,-2.4385,-3.0838,178.7912,-1.2085,42.8289,0.0557,0.0894,10
-1.0054,-2.4695,-3.0848,178.7583,-1.2415,42.675,0.0566,0.0902,10
-1.0302,-2.5007,-3.1529,178.725,-1.2748,42.5218,0.0575,0.0916,10
-1.0556,-2.5307,-2.9784,178.6911,-1.3086,42.3643,0.0584,0.0914,10
-1.0811,-2.5625,-3.1971,178.6567,-1.3431,42.2075,0.0594,0.0934,10
-1.1069,-2.5928,-3.0449,178.6219,-1.3779,42.0487,0.0603,0.0938,10
-1.1334,-2.6234,-3.0256,178.5862,-1.4136,41.8861,0.0612,0.0942,10
-1.1599,-2.6553,-3.1994,178.5499,-1.4498,41.7244,0.0622,0.0962,10
-1.1867,-2.6857,-3.0483,178.5133,-1.4864,41.5601,0.0632,0.0968,10
-1.2139,-2.7166,-3.0929,178.4761,-1.5236,41.395,0.0641,0.0976,10
-1.2414,-2.7476,-3.0941,178.4383,-1.5614,41.228,0.0651,0.0987,10
-1.2692,-2.7786,-3.0953,178.3999,-1.5999,41.0597,0.0661,0.0997,10
-1.2973,-2.8096,-3.0965,178.3608,-1.6389,40.8895,0.0671,0.1008,10
-1.3258,-2.8406,-3.0977,178.3212,-1.6786,40.7176,0.0682,0.1019,10
-1.3542,-2.8719,-3.1638,178.2811,-1.7186,40.547,0.0692,0.1034,10
-1.3833,-2.902,-2.992,178.2405,-1.7593,40.3726,0.0702,0.1036,10
-1.4128,-2.9335,-3.1452,178.1989,-1.8009,40.1965,0.0713,0.1053,10
-1.4422,-2.9649,-3.167,178.1569,-1.8428,40.0213,0.0723,0.1069,10
-1.4723,-2.995,-2.9961,178.1144,-1.8854,39.8423,0.0734,0.1072,10
-1.5026,-3.0266,-3.1493,178.0709,-1.9289,39.6623,0.0745,0.1088,10
-1.533,-3.0581,-3.1706,178.027,-1.9728,39.4828,0.0756,0.1106,10
-1.564,-3.0882,-3.0002,177.9825,-2.0173,39.3007,0.0767,0.1107,10
-1.5953,-3.1199,-3.1537,177.937,-2.0627,39.116,0.0778,0.1128,10
-1.6266,-3.1514,-3.1744,177.8912,-2.1086,38.9329,0.079,0.1144,10
-1.6585,-3.1816,-3.0043,177.8446,-2.1551,38.7469,0.0801,0.1148,10
-1.6908,-3.2133,-3.1584,177.7972,-2.2026,38.5589,0.0813,0.1167,10
-1.723,-3.2448,-3.1786,177.7493,-2.2504,38.3721,0.0825,0.1186,10
-1.7558,-3.2749,-3.0084,177.7008,-2.299,38.1824,0.0837,0.119,10
-1.7889,-3.3066,-3.1634,177.6513,-2.3485,37.9909,0.0849,0.1211,10
-1.8224,-3.3379,-3.1197,177.6011,-2.3987,37.7991,0.0861,0.1224,10
-1.8561,-3.3691,-3.1213,177.5502,-2.4496,37.6056,0.0874,0.1241,10
-1.8901,-3.4003,-3.1229,177.4986,-2.5012,37.4119,0.0886,0.1255,10
-1.9244,-3.4316,-3.1246,177.4462,-2.5535,37.217,0.0899,0.1271,10
-1.959,-3.4628,-3.1262,177.3932,-2.6065,37.0209,0.0912,0.1287,10
-1.9938,-3.494,-3.1279,177.3395,-2.6603,36.8238,0.0925,0.1304,10
-2.0289,-3.5252,-3.1297,177.285,-2.7147,36.6264,0.0938,0.1319,10
-2.0647,-3.5561,-3.0699,177.2295,-2.7702,36.4253,0.0951,0.1335,10
-2.1004,-3.5883,-3.2429,177.1733,-2.8264,36.2265,0.0965,0.1358,10
-2.1367,-3.6187,-3.0265,177.1164,-2.8834,36.0243,0.0979,0.1369,10
-2.1733,-3.6506,-3.1839,177.0584,-2.9414,35.8209,0.0992,0.1393,10
-2.2101,-3.682,-3.1392,176.9997,-3.0001,35.6174,0.1007,0.1409,10
-2.2472,-3.7134,-3.1411,176.9402,-3.0596,35.4131,0.1021,0.1429,10
-2.2846,-3.7448,-3.1431,176.8799,-3.1198,35.2088,0.1035,0.1446,10
-2.3222,-3.7761,-3.1451,176.8189,-3.1809,35.0025,0.105,0.147,10
-2.3605,-3.8071,-3.0855,176.7568,-3.243,34.795,0.1065,0.1482,10
-2.399,-3.8391,-3.197,176.6936,-3.3061,34.5868,0.108,0.1508,10
-2.4377,-3.8707,-3.1517,176.6296,-3.3701,34.3779,0.1095,0.1529,10
-2.4767,-3.9022,-3.1539,176.5649,-3.4349,34.1684,0.1111,0.1551,10
-2.5159,-3.9336,-3.1561,176.4993,-3.5005,33.9584,0.1126,0.1573,10
-2.5557,-3.9647,-3.0966,176.4326,-3.5671,33.7469,0.1142,0.1589,10
-2.5954,-3.9972,-3.2726,176.3651,-3.6346,33.5362,0.1158,0.1622,10
-2.6356,-4.0277,-3.0516,176.2968,-3.703,33.3241,0.1175,0.1635,10
-2.6765,-4.0595,-3.1527,176.227,-3.7727,33.1091,0.1192,0.1661,10
-2.7172,-4.0921,-3.2802,176.1564,-3.8433,32.8958,0.1208,0.1693,10
-2.7585,-4.1227,-3.059,176.085,-3.9148,32.6809,0.1225,0.1708,10
-2.8,-4.1549,-3.2228,176.0124,-3.9874,32.4657,0.1243,0.1738,10
-2.8421,-4.1862,-3.1141,175.9386,-4.0612,32.2486,0.1261,0.176,10
-2.8841,-4.219,-3.292,175.8639,-4.1358,32.0336,0.1278,0.1792,10
-2.9266,-4.2497,-3.0685,175.7884,-4.2114,31.8165,0.1296,0.1813,10
-2.9696,-4.2816,-3.1722,175.7114,-4.2884,31.5976,0.1315,0.184,10
-3.0125,-4.3144,-3.3012,175.6334,-4.3663,31.3809,0.1334,0.1874,10
-3.056,-4.3452,-3.0764,175.5546,-4.4452,31.1621,0.1353,0.1896,10
-3.0999,-4.3771,-3.1814,175.4742,-4.5256,30.9418,0.1372,0.1926,10
-3.1438,-4.41,-3.3111,175.3929,-4.6069,30.7237,0.1391,0.1961,10
-3.1885,-4.4405,-3.0235,175.3103,-4.6895,30.5023,0.1411,0.1981,10
-3.233,-4.474,-3.369,175.2265,-4.7733,30.2831,0.1432,0.2022,10
-3.2781,-4.5049,-3.0909,175.1417,-4.8581,30.0625,0.1452,0.2046,10
-3.3233,-4.5374,-3.2612,175.0556,-4.9442,29.8418,0.1473,0.2084,10
-3.3691,-4.569,-3.1493,174.9682,-5.0315,29.6201,0.1494,0.2112,10
-3.4153,-4.6012,-3.205,174.8793,-5.1205,29.3977,0.1515,0.2143,10
-3.4614,-4.6343,-3.3366,174.7893,-5.2105,29.1768,0.1537,0.2187,10
-3.5083,-4.6649,-3.0442,174.698,-5.3018,28.954,0.1559,0.2208,10
-3.555,-4.6987,-3.3973,174.6053,-5.3945,28.7325,0.1582,0.2258,10
-3.6025,-4.7294,-3.0507,174.5113,-5.4885,28.5093,0.1605,0.228,10
-3.6502,-4.7628,-3.3406,174.4156,-5.5842,28.2858,0.1628,0.2329,10
-3.698,-4.7951,-3.2387,174.3188,-5.6809,28.064,0.1652,0.2361,10
-3.7463,-4.8269,-3.1782,174.2207,-5.7791,27.8411,0.1676,0.2398,10
-3.7948,-4.8598,-3.3008,174.1211,-5.8786,27.6186,0.17,0.2443,10
-3.8436,-4.8917,-3.186,174.0202,-5.9796,27.3962,0.1725,0.2475,10
-3.893,-4.9242,-3.2448,173.9174,-6.0823,27.1728,0.175,0.2518,10
-3.9427,-4.9568,-3.2493,173.8129,-6.1868,26.9489,0.1776,0.2559,10
-3.9926,-4.99,-3.3187,173.707,-6.2928,26.7261,0.1802,0.2606,10
-4.0426,-5.0225,-3.2686,173.5999,-6.3999,26.5044,0.1828,0.2647,10
-4.0934,-5.0541,-3.143,173.4909,-6.5088,26.2809,0.1855,0.2685,10
-4.1442,-5.088,-3.3887,173.3801,-6.6196,26.0587,0.1882,0.2736,10
-4.1952,-5.1206,-3.2827,173.2682,-6.7316,25.8374,0.191,0.2784,10
-4.2469,-5.1523,-3.1562,173.1543,-6.8454,25.6148,0.1938,0.2821,10
-4.2986,-5.1863,-3.4052,173.0386,-6.9611,25.3934,0.1967,0.2877,10
-4.3508,-5.2186,-3.2313,172.9213,-7.0784,25.172,0.1996,0.2922,10
-4.4034,-5.2515,-3.2933,172.8021,-7.1976,24.9507,0.2026,0.297,10
-4.4563,-5.2846,-3.2988,172.6809,-7.3188,24.7295,0.2056,0.3022,10
-4.5093,-5.3182,-3.3712,172.5582,-7.4416,24.5097,0.2087,0.3076,10
-4.563,-5.3501,-3.1858,172.4334,-7.5663,24.2892,0.2118,0.312,10
-4.6167,-5.3845,-3.4405,172.3067,-7.6931,24.0701,0.215,0.318,10
-4.6709,-5.4171,-3.263,172.1782,-7.8215,23.8512,0.2182,0.3233,10
-4.7253,-5.4503,-3.3272,172.0478,-7.952,23.633,0.2215,0.3285,10
-4.7804,-5.4832,-3.2663,171.9149,-8.0849,23.414,0.2249,0.334,10
-4.8356,-5.5178,-3.4661,171.78,-8.2198,23.197,0.2283,0.3401,10
-4.8911,-5.5507,-3.2864,171.6433,-8.3565,22.9805,0.2317,0.3456,10
-4.9469,-5.5842,-3.352,171.5045,-8.4953,22.7646,0.2352,0.3516,10
-5.003,-5.6177,-3.3585,171.3636,-8.6362,22.5496,0.2388,0.3576,10
-5.0595,-5.6513,-3.365,171.2205,-8.7793,22.3354,0.2424,0.3636,10
-5.1162,-5.685,-3.3717,171.0752,-8.9245,22.1221,0.2461,0.3698,10
-5.1736,-5.7182,-3.3097,170.9274,-9.0723,21.9089,0.2499,0.3755,10
-5.2309,-5.7532,-3.5163,170.7774,-9.2224,21.6974,0.2537,0.383,10
-5.2888,-5.7859,-3.2615,170.6251,-9.3746,21.4865,0.2576,0.3881,10
-5.347,-5.8205,-3.4611,170.4702,-9.5295,21.2765,0.2616,0.3952,10
-5.4058,-5.854,-3.3372,170.3127,-9.6871,21.0668,0.2656,0.4016,10
-5.4645,-5.8894,-3.547,170.1529,-9.8469,20.8595,0.2697,0.4088,10
-5.5238,-5.9223,-3.2885,169.9907,-10.0091,20.6525,0.2738,0.4151,10
-5.5834,-5.9572,-3.4919,169.8258,-10.1739,20.4471,0.278,0.4221,10
-5.6431,-5.9915,-3.4367,169.6586,-10.3412,20.2431,0.2823,0.429,10
-5.7034,-6.0252,-3.3732,169.4886,-10.5111,20.0399,0.2867,0.4356,10
-5.7642,-6.0598,-3.4447,169.3155,-10.6843,19.8374,0.2911,0.4429,10
-5.825,-6.0956,-3.5966,169.1399,-10.8599,19.6377,0.2956,0.4503,10
-5.8864,-6.1283,-3.2604,168.9615,-11.0383,19.4379,0.3002,0.4566,10
-5.9479,-6.165,-3.6784,168.7802,-11.2195,19.2408,0.3048,0.4651,10
-6.0101,-6.1978,-3.2747,168.5961,-11.4037,19.0441,0.3095,0.4709,10
-6.0724,-6.2341,-3.6227,168.4087,-11.5911,18.8494,0.3143,0.4788,10
-6.135,-6.269,-3.5006,168.2187,-11.781,18.6568,0.3192,0.4862,10
-6.198,-6.3034,-3.4352,168.0259,-11.9739,18.4658,0.3241,0.4928,10
-6.2611,-6.3233,-1.9935,167.8301,-12.1697,18.2769,0.3283,0.4171,10
-6.3245,-6.3268,-0.3536,167.6317,-12.368,18.0902,0.3317,0.3384,10
-6.3877,-6.331,-0.4241,167.4312,-12.5686,17.9067,0.3351,0.3402,10
-6.4511,-6.334,-0.2914,167.2285,-12.7712,17.7255,0.3385,0.3423,10
-6.5144,-6.3383,-0.4297,167.0237,-12.9761,17.5475,0.3419,0.3438,10
-6.5779,-6.3412,-0.2954,166.8167,-13.1831,17.3719,0.3454,0.3454,10
-6.6415,-6.3449,-0.3654,166.6071,-13.3927,17.1989,0.3489,0.3467,10
-6.705,-6.3492,-0.4366,166.3953,-13.6044,17.029,0.3523,0.3479,10
-6.7684,-6.3529,-0.37,166.1819,-13.8179,16.8624,0.3558,0.3489,10
-6.8319,-6.3559,-0.3012,165.9662,-14.0336,16.6984,0.3593,0.3499,10
-6.8955,-6.3597,-0.3719,165.748,-14.2518,16.537,0.3628,0.3504,10
-6.9593,-6.3634,-0.373,165.5272,-14.4726,16.3782,0.3663,0.3509,10
-7.0229,-6.3678,-0.4447,165.3042,-14.6955,16.2228,0.3698,0.3511,10
-7.0867,-6.3709,-0.3043,165.0791,-14.9206,16.0702,0.3734,0.3509,10
-7.1504,-6.3753,-0.4463,164.8519,-15.1478,15.921,0.3769,0.3504,10
-7.2141,-6.3784,-0.3039,164.6226,-15.3771,15.7745,0.3804,0.3501,10
-7.278,-6.3821,-0.3747,164.3908,-15.609,15.631,0.3838,0.3489,10
-7.3417,-6.3866,-0.4464,164.1569,-15.8429,15.491,0.3873,0.3476,10
-7.4058,-6.3889,-0.2299,163.9204,-16.0793,15.3534,0.3908,0.3462,10
-7.4697,-6.394,-0.516,163.6815,-16.3182,15.2193,0.3942,0.3443,10
-7.5335,-6.3977,-0.3711,163.4411,-16.5587,15.0888,0.3976,0.3419,10
-7.5976,-6.4,-0.2234,163.1981,-16.8016,14.961,0.401,0.3392,10
-7.6616,-6.4051,-0.5114,162.9528,-17.047,14.8367,0.4044,0.3363,10
-7.7257,-6.408,-0.2901,162.7055,-17.2942,14.7157,0.4077,0.3326,10
-7.7898,-6.4116,-0.3595,162.4559,-17.5439,14.598,0.411,0.3287,10
-7.854,-6.4152,-0.3556,162.204,-17.7958,14.4837,0.4143,0.3243,10
-7.9183,-6.4187,-0.3512,161.9497,-18.05,14.3727,0.4174,0.3193,10
-7.9824,-6.4229,-0.4202,161.6937,-18.306,14.2656,0.4206,0.314,10
-8.0466,-6.4255,-0.2671,161.4359,-18.5638,14.162,0.4237,0.308,10
-8.1109,-6.4289,-0.3347,161.176,-18.8238,14.0619,0.4267,0.3016,10
-8.1752,-6.4322,-0.328,160.914,-19.0858,13.9656,0.4296,0.2943,10
-8.2396,-6.4354,-0.3206,160.6499,-19.3499,13.8729,0.4325,0.2868,10
-8.304,-6.4385,-0.3126,160.3838,-19.6159,13.7841,0.4353,0.2786,10
-8.3685,-6.4415,-0.3038,160.1158,-19.8839,13.6991,0.438,0.2697,10
-8.4328,-6.4452,-0.3687,159.8464,-20.1534,13.6184,0.4406,0.26,10
-8.4974,-6.4466,-0.1362,159.5752,-20.4246,13.5415,0.4431,0.2498,10
-8.5618,-6.4508,-0.4215,159.3022,-20.6975,13.469,0.4455,0.2389,10
-8.6265,-6.4519,-0.1137,159.0276,-20.9721,13.4005,0.4477,0.2273,10
-8.691,-6.4559,-0.3968,158.7514,-21.2483,13.3365,0.4499,0.2148,10
-8.7555,-6.4575,-0.1612,158.4742,-21.5255,13.2771,0.4519,0.2017,10
-8.8201,-6.4597,-0.221,158.1957,-21.8041,13.2222,0.4538,0.1875,10
-8.8847,-6.4618,-0.2058,157.9158,-22.084,13.1721,0.4555,0.1727,10
-8.9493,-6.4637,-0.1897,157.6347,-22.3651,13.1268,0.4571,0.1574,10
-9.014,-6.4654,-0.1726,157.3525,-22.6472,13.0865,0.4585,0.1408,10
-9.0786,-6.4669,-0.1546,157.0694,-22.9304,13.0513,0.4597,0.1235,10
-9.1433,-6.4683,-0.1356,156.7854,-23.2144,13.0215,0.4608,0.105,10
-9.208,-6.4695,-0.1156,156.5007,-23.4991,12.9971,0.4616,0.0866,10
-9.2728,-6.4704,-0.0946,156.2153,-23.7845,12.9785,0.4623,0.0661,10
-9.3375,-6.4711,-0.0726,155.9295,-24.0703,12.9658,0.4627,0.0453,10
-9.4023,-6.4716,-0.0496,155.6433,-24.3564,12.9592,0.463,0.0236,10
-9.4669,-6.4726,-0.0966,155.3574,-24.6424,12.9591,0.463,0.0006,10
-9.5317,-6.4712,0.1414,155.0714,-24.9284,12.9656,0.4628,-0.0233,10
-9.5963,-6.4723,-0.1155,154.7855,-25.2142,12.9789,0.4623,-0.0475,10
-9.6611,-6.4704,0.1927,154.4999,-25.4999,12.9996,0.4615,-0.0734,10
-9.7257,-6.471,-0.0581,154.2147,-25.7851,13.0277,0.4605,-0.1,10
-9.7905,-6.4685,0.2479,153.9301,-26.0696,13.0639,0.4593,-0.1271,10
-9.8551,-6.4685,0.0038,153.6463,-26.3535,13.1083,0.4577,-0.1559,10
-9.9198,-6.466,0.2405,153.3639,-26.6359,13.1617,0.4559,-0.1856,10
-9.9844,-6.464,0.2039,153.0826,-26.9172,13.2241,0.4537,-0.2153,10
-10.049,-6.4616,0.2371,152.8026,-27.1972,13.2965,0.4512,-0.2469,10
-10.1137,-6.4589,0.2712,152.5242,-27.4756,13.3794,0.4484,-0.2793,10
-10.1781,-6.4565,0.2422,152.2479,-27.7519,13.473,0.4453,-0.312,10
-10.2427,-6.4518,0.4699,151.9735,-28.0263,13.5786,0.4419,-0.3459,10
-10.3072,-6.4493,0.2522,151.7013,-28.2985,13.6966,0.4381,-0.3809,10
-10.3716,-6.4445,0.4798,151.4318,-28.5679,13.828,0.4339,-0.4163,10
-10.4361,-6.4399,0.4543,151.1649,-28.8348,13.9738,0.4294,-0.4524,10
-10.5005,-6.435,0.4931,150.9009,-29.0989,14.1353,0.4245,-0.4901,10
-10.5647,-6.4303,0.4747,150.6402,-29.3596,14.313,0.4192,-0.5273,10
-10.629,-6.4239,0.6327,150.3832,-29.6166,14.5091,0.4135,-0.5667,10
-10.6932,-6.4178,0.6133,150.1296,-29.8701,14.7248,0.4075,-0.6052,10
-10.7573,-6.4118,0.5998,149.8802,-30.1196,14.9617,0.401,-0.6456,10
-10.8213,-6.4043,0.7523,149.635,-30.3647,15.2218,0.3942,-0.6851,10
-10.8852,-6.3974,0.6853,149.3944,-30.6053,15.5071,0.3869,-0.7264,10
-10.9491,-6.3891,0.8335,149.1586,-30.8412,15.8207,0.3792,-0.7671,10
-11.0129,-6.3809,0.8211,148.9275,-31.0723,16.166,0.3711,-0.8094,10
-11.0766,-6.3727,0.8154,148.7016,-31.2982,16.545,0.3626,-0.8507,10
-11.1403,-6.3632,0.9556,148.4812,-31.5186,16.9633,0.3537,-0.8935,10
-11.2038,-6.3541,0.9023,148.2665,-31.7332,17.4238,0.3444,-0.9349,10
-11.2674,-6.3438,1.0365,148.0578,-31.9419,17.934,0.3346,-0.9785,10
-11.3307,-6.3339,0.9887,147.8553,-32.1444,18.4984,0.3243,-1.0205,10
-11.3939,-6.3231,1.076,147.6595,-32.3402,19.1246,0.3137,-1.0626,10
-11.4569,-6.312,1.1166,147.4707,-32.5291,19.8223,0.3027,-1.1058,10
-11.52,-6.3,1.1934,147.2887,-32.7111,20.6036,0.2912,-1.1473,10
-11.5829,-6.2885,1.1561,147.1138,-32.886,21.4811,0.2793,-1.1897,10
-11.6456,-6.2761,1.2347,146.9464,-33.0533,22.4712,0.267,-1.2313,10
-11.7083,-6.2631,1.3039,146.7867,-33.2131,23.5968,0.2543,-1.2715,10
-11.7708,-6.2506,1.2446,146.6349,-33.3649,24.8804,0.2412,-1.3133,10
-11.8332,-6.2366,1.4061,146.4913,-33.5085,26.361,0.2276,-1.3529,10
-11.8953,-6.2234,1.3223,146.356,-33.6437,28.0751,0.2137,-1.3915,10
-11.9575,-6.2087,1.4668,146.2293,-33.7704,30.0937,0.1994,-1.4317,10
-12.0194,-6.1947,1.3953,146.1114,-33.8884,32.4843,0.1847,-1.4689,10
-12.0811,-6.1797,1.5019,146.0025,-33.9972,35.3621,0.1697,-1.5043,10
-12.1429,-6.1645,1.5232,145.9026,-34.0972,38.9012,0.1542,-1.5404,10
-12.2044,-6.1495,1.4946,145.8119,-34.1878,43.3296,0.1385,-1.5761,10
-12.2656,-6.1339,1.5647,145.7309,-34.2689,49.0032,0.1224,-1.606,10
-12.3269,-6.1177,1.6132,145.6594,-34.3404,56.6111,0.106,-1.6429,10
-12.3879,-6.1019,1.5794,145.5976,-34.4022,67.1914,0.0893,-1.669,10
-12.4487,-6.0856,1.6323,145.5457,-34.454,82.9695,0.0723,-1.7007,10
-12.5094,-6.0691,1.6569,145.5039,-34.4959,108.8799,0.0551,-1.7216,10
-12.5699,-6.0525,1.6615,145.472,-34.5277,159.8246,0.0375,-1.755,10
-12.6303,-6.0357,1.6745,145.4504,-34.5494,302.7265,0.0198,-1.7725,10
-12.6906,-6.0187,1.6945,145.439,-34.5608,2763.072,0.0022,-1.7625,10
-12.7505,-6.0017,1.7043,145.438,-34.5618,369.6237,0.0162,1.409,10
-12.8103,-5.9846,1.7105,145.4473,-34.5525,174.9206,0.0343,1.8073,10
-12.8701,-5.9675,1.7133,145.467,-34.5327,114.8168,0.0523,1.7926,10
-12.9295,-5.9501,1.735,145.4972,-34.5025,85.5318,0.0701,1.7915,10
-12.9889,-5.933,1.7089,145.5378,-34.4619,68.2188,0.088,1.7787,10
-13.0481,-5.9157,1.7308,145.589,-34.4108,56.8138,0.1056,1.7643,10
-13.107,-5.8984,1.7362,145.6505,-34.3493,48.7456,0.1231,1.7511,10
-13.1658,-5.8815,1.6865,145.7224,-34.2774,42.7143,0.1405,1.7366,10
-13.2245,-5.8643,1.7205,145.8047,-34.195,38.0667,0.1576,1.7132,10
-13.2829,-5.8471,1.7188,145.8973,-34.1024,34.3798,0.1745,1.6921,10
-13.3412,-5.8305,1.6669,146.0001,-33.9997,31.3775,0.1912,1.6709,10
-13.3993,-5.8138,1.6696,146.113,-33.8868,28.8936,0.2077,1.6437,10
-13.4574,-5.7972,1.6525,146.236,-33.7637,26.8056,0.2238,1.6161,10
-13.5151,-5.7806,1.663,146.369,-33.6308,25.0332,0.2397,1.5859,10
-13.5728,-5.7647,1.5855,146.5117,-33.4881,23.5055,0.2553,1.5572,10
-13.6302,-5.7485,1.6215,146.664,-33.3358,22.1835,0.2705,1.5227,10
-13.6876,-5.7332,1.5316,146.8258,-33.174,21.025,0.2854,1.4896,10
-13.7449,-5.7179,1.5336,146.9972,-33.0026,20.0045,0.2999,1.4532,10
-13.8018,-5.702,1.5831,147.1776,-32.8222,19.1036,0.3141,1.4165,10
-13.8587,-5.688,1.3996,147.3667,-32.633,18.3009,0.3279,1.3774,10
-13.9154,-5.6732,1.4811,147.5648,-32.435,17.5838,0.3412,1.3375,10
-13.9721,-5.6596,1.3624,147.7715,-32.2282,16.939,0.3542,1.2968,10
-14.0285,-5.645,1.4589,147.9865,-32.0133,16.36,0.3667,1.255,10
-14.0849,-5.6326,1.239,148.2095,-31.7903,15.8359,0.3789,1.2125,10
-14.141,-5.6188,1.3865,148.4403,-31.5595,15.3628,0.3906,1.1686,10
-14.1971,-5.6073,1.1497,148.6786,-31.3211,14.9326,0.4018,1.1239,10
-14.253,-5.5942,1.3082,148.9244,-31.0754,14.5425,0.4126,1.0793,10
-14.3089,-5.5836,1.0557,149.1772,-30.8225,14.1864,0.4229,1.0342,10
-14.3646,-5.5714,1.2247,149.4369,-30.5628,13.8629,0.4328,0.9875,10
-14.4202,-5.5611,1.0256,149.703,-30.2968,13.5677,0.4422,0.9407,10
-14.4755,-5.5337,2.7512,149.9747,-30.0251,13.2998,0.4498,0.7612,10
-14.5305,-5.4968,3.6779,150.2514,-29.7483,13.0556,0.4559,0.6107,10
-14.5851,-5.4588,3.8056,150.5325,-29.4673,12.8344,0.4615,0.552,10
-14.6394,-5.4232,3.5606,150.8172,-29.1826,12.6334,0.4664,0.4964,10
-14.6931,-5.3869,3.6301,151.1051,-28.8946,12.4514,0.4708,0.4414,10
-14.7466,-5.3525,3.4404,151.396,-28.6038,12.2863,0.4747,0.3891,10
-14.7998,-5.318,3.4462,151.6899,-28.3099,12.1367,0.4781,0.3377,10
-14.8528,-5.2841,3.391,151.9864,-28.0134,12.0015,0.481,0.2883,10
-14.9052,-5.25,3.4109,152.2848,-27.7149,11.8798,0.4834,0.2401,10
-14.9574,-5.2182,3.1809,152.585,-27.4148,11.7703,0.4854,0.1982,10
-15.0092,-5.1876,3.0613,152.8864,-27.1134,11.6725,0.4871,0.1734,10
-15.0609,-5.1622,2.5404,153.1893,-26.8104,11.5851,0.4887,0.1563,10
-15.1123,-5.1374,2.4717,153.4939,-26.5058,11.5076,0.4901,0.1389,10
-15.1634,-5.1154,2.211,153.799,-26.2007,11.4395,0.4913,0.1223,10
-15.2145,-5.0988,1.655,154.1053,-25.8945,11.3799,0.4924,0.1073,10
-15.2653,-5.0809,1.7856,154.4129,-25.5869,11.3286,0.4933,0.0918,10
-15.3159,-5.0668,1.4115,154.7207,-25.279,11.285,0.494,0.0776,10
-15.3664,-5.0557,1.1155,155.0291,-24.9707,11.2487,0.4947,0.064,10
-15.4169,-5.0459,0.9824,155.3381,-24.6616,11.2193,0.4952,0.0509,10
-15.4673,-5.038,0.7836,155.6478,-24.352,11.1966,0.4956,0.0377,10
-15.5176,-5.0321,0.593,155.9577,-24.042,11.1801,0.4958,0.0257,10
-15.5679,-5.028,0.4099,156.2679,-23.7319,11.1697,0.496,0.0136,10
-15.6182,-5.0264,0.1546,156.5785,-23.4212,11.1652,0.496,0.002,10
-15.6684,-5.0242,0.2215,156.889,-23.1108,11.1663,0.4959,-0.0089,10
-15.7187,-5.0268,-0.2584,157.1991,-22.8006,11.1729,0.4957,-0.0198,10
-15.7689,-5.0286,-0.1797,157.5093,-22.4905,11.1846,0.4954,-0.03,10
-15.8192,-5.0335,-0.4919,157.8193,-22.1804,11.2015,0.495,-0.0402,10
-15.8697,-5.0392,-0.5613,158.1296,-21.8702,11.2234,0.4945,-0.0495,10
-15.9202,-5.0454,-0.6257,158.4394,-21.5604,11.2502,0.4939,-0.0593,10
-15.9706,-5.0539,-0.8463,158.7482,-21.2516,11.2815,0.4932,-0.0679,10
-16.0214,-5.0653,-1.1422,159.0568,-20.943,11.3176,0.4925,-0.0769,10
-16.0721,-5.0748,-0.9549,159.3651,-20.6347,11.3582,0.4916,-0.0852,10
-16.1229,-5.0881,-1.3263,159.6725,-20.3272,11.4033,0.4907,-0.0936,10
-16.174,-5.1018,-1.372,159.9794,-20.0204,11.4528,0.4897,-0.1015,10
-16.2252,-5.1168,-1.4963,160.2856,-19.7141,11.5067,0.4886,-0.1093,10
-16.2765,-5.133,-1.6176,160.5912,-19.4086,11.5649,0.4874,-0.1163,10
-16.328,-5.1504,-1.7366,160.8958,-19.1039,11.6273,0.4862,-0.1239,10
-16.3797,-5.1689,-1.8534,161.1996,-18.8002,11.694,0.4849,-0.1309,10
-16.4316,-5.1886,-1.968,161.5023,-18.4975,11.7648,0.4835,-0.1375,10
-16.4837,-5.2094,-2.0805,161.8039,-18.1959,11.8398,0.482,-0.144,10
-16.5359,-5.2278,-1.8419,162.1043,-17.8955,11.9188,0.4802,-0.1822,10
-16.588,-5.211,1.6785,162.4024,-17.5973,12.0014,0.4752,-0.5013,10
-16.6399,-5.1872,2.3765,162.6973,-17.3025,12.0873,0.4693,-0.5854,10
-16.6915,-5.1627,2.4581,162.9882,-17.0116,12.1763,0.4635,-0.59,10
-16.7429,-5.1398,2.2871,163.2752,-16.7246,12.2683,0.4575,-0.5918,10
-16.7942,-5.1161,2.366,163.5586,-16.4411,12.3634,0.4516,-0.5941,10
-16.845,-5.0916,2.4504,163.8381,-16.1617,12.4612,0.4456,-0.5957,10
-16.8957,-5.0688,2.2832,164.1135,-15.8863,12.5618,0.4397,-0.5955,10
-16.9462,-5.0451,2.3644,164.3852,-15.6145,12.665,0.4337,-0.5949,10
-16.9963,-5.0207,2.4511,164.6528,-15.3469,12.7706,0.4278,-0.5946,10
-17.0464,-4.9986,2.2025,164.9168,-15.083,12.879,0.4219,-0.5919,10
-17.0961,-4.9733,2.5349,165.177,-14.8227,12.9895,0.416,-0.5905,10
-17.1455,-4.9504,2.2932,165.4331,-14.5666,13.1023,0.4101,-0.5874,10
-17.1948,-4.9266,2.3768,165.6855,-14.3143,13.2174,0.4043,-0.5842,10
-17.244,-4.9035,2.2973,165.9346,-14.0652,13.3351,0.3984,-0.58,10
-17.2927,-4.8781,2.5486,166.1799,-13.8198,13.4544,0.3927,-0.5771,10
-17.3412,-4.855,2.312,166.4211,-13.5787,13.5757,0.387,-0.5719,10
-17.3895,-4.831,2.3964,166.6585,-13.3413,13.6989,0.3813,-0.5675,10
-17.4377,-4.8078,2.3192,166.8926,-13.1071,13.8244,0.3756,-0.5618,10
-17.4854,-4.7821,2.5697,167.123,-12.8767,13.951,0.3701,-0.5573,10
-17.5331,-4.7596,2.2543,167.3497,-12.65,14.08,0.3646,-0.5512,10
-17.5804,-4.7346,2.4986,167.5732,-12.4266,14.2105,0.3591,-0.5458,10
-17.6275,-4.7103,2.4283,167.7929,-12.2069,14.3424,0.3537,-0.5398,10
-17.6743,-4.686,2.4354,168.0089,-11.9908,14.4758,0.3484,-0.5339,10
-17.721,-4.6624,2.3607,168.2217,-11.778,14.611,0.3431,-0.5272,10
-17.7673,-4.6371,2.5258,168.4314,-11.5684,14.7476,0.3379,-0.5214,10
-17.8135,-4.6133,2.3761,168.6378,-11.362,14.8858,0.3327,-0.5143,10
-17.8594,-4.5879,2.54,168.841,-11.1588,15.0252,0.3277,-0.5084,10
-17.905,-4.5632,2.4725,169.0406,-10.9591,15.1657,0.3226,-0.502,10
-17.9504,-4.5392,2.3995,169.2371,-10.7627,15.3076,0.3177,-0.4947,10
-17.9955,-4.5136,2.5623,169.4304,-10.5693,15.4504,0.3128,-0.4885,10
-18.0404,-4.4894,2.4154,169.6207,-10.3791,15.5948,0.308,-0.4815,10
-18.085,-4.4637,2.5771,169.8078,-10.1919,15.7398,0.3033,-0.4752,10
-18.1294,-4.4394,2.4312,169.9919,-10.0078,15.8861,0.2986,-0.468,10
-18.1736,-4.4142,2.5123,170.1734,-9.8264,16.0338,0.2939,-0.4615,10
-18.2174,-4.3883,2.5991,170.3519,-9.6479,16.1819,0.2894,-0.455,10
-18.2611,-4.3637,2.4551,170.5273,-9.4725,16.3312,0.2849,-0.4481,10
-18.3045,-4.3383,2.535,170.7002,-9.2996,16.4816,0.2805,-0.4414,10
-18.3476,-4.3122,2.6211,170.8701,-9.1296,16.6323,0.2762,-0.4353,10
-18.3904,-4.2874,2.4784,171.0371,-8.9626,16.7839,0.2719,-0.4282,10
-18.4331,-4.2618,2.5573,171.2016,-8.7981,16.9365,0.2677,-0.4219,10
-18.4755,-4.2361,2.5645,171.3637,-8.6361,17.0898,0.2635,-0.4153,10
-18.5177,-4.2103,2.5717,171.5233,-8.4765,17.2441,0.2594,-0.4091,10
-18.5594,-4.1838,2.6564,171.68,-8.3197,17.3982,0.2554,-0.4031,10
-18.601,-4.1587,2.516,171.8339,-8.1658,17.553,0.2514,-0.3965,10
-18.6423,-4.1328,2.5929,171.9854,-8.0143,17.7085,0.2475,-0.3904,10
-18.6835,-4.1074,2.5239,172.135,-7.8647,17.8653,0.2437,-0.3836,10
-18.7243,-4.0799,2.7514,172.2823,-7.7175,18.0218,0.2399,-0.3786,10
-18.7648,-4.0545,2.5447,172.4267,-7.573,18.1789,0.2362,-0.3724,10
-18.8051,-4.0283,2.6199,172.5689,-7.4308,18.3363,0.2325,-0.3664,10
-18.8451,-4.0021,2.6264,172.7088,-7.2909,18.494,0.2289,-0.3606,10
-18.8848,-3.9758,2.6328,172.8465,-7.1533,18.652,0.2253,-0.3548,10
-18.9243,-3.9494,2.6391,172.9819,-7.0179,18.8102,0.2219,-0.3492,10
-18.9635,-3.923,2.6453,173.115,-6.8847,18.9686,0.2184,-0.3437,10
-19.0026,-3.8971,2.5769,173.2464,-6.7534,19.1281,0.215,-0.3379,10
-19.0412,-3.8692,2.799,173.3756,-6.6242,19.2868,0.2117,-0.3336,10
-19.0797,-3.8439,2.5229,173.5026,-6.4972,19.4465,0.2084,-0.3273,10
-19.1179,-3.8165,2.7347,173.6278,-6.3719,19.6059,0.2052,-0.3224,10
-19.1558,-3.7898,2.6749,173.751,-6.2488,19.7654,0.202,-0.3174,10
-19.1934,-3.763,2.6805,173.872,-6.1278,19.9249,0.1989,-0.3126,10
-19.2306,-3.7362,2.6861,173.9909,-6.0088,20.0839,0.1958,-0.3074,10
-19.2678,-3.71,2.6179,174.1082,-5.8916,20.2439,0.1928,-0.3023,10
-19.3046,-3.6824,2.7609,174.2238,-5.776,20.4033,0.1898,-0.2977,10
-19.3411,-3.6554,2.7021,174.3373,-5.6624,20.5626,0.1869,-0.2933,10
-19.3776,-3.629,2.6342,174.4492,-5.5505,20.7227,0.184,-0.2883,10
-19.4136,-3.6012,2.7754,174.5595,-5.4402,20.8821,0.1812,-0.2841,10
-19.4493,-3.574,2.7172,174.6678,-5.3319,21.0409,0.1784,-0.2796,10
-19.4847,-3.5469,2.7222,174.7742,-5.2256,21.1993,0.1756,-0.2754,10
-19.5199,-3.5203,2.6541,174.8789,-5.1208,21.3584,0.1729,-0.2708,10
-19.5548,-3.4924,2.7941,174.9821,-5.0176,21.5166,0.1702,-0.267,10
-19.5895,-3.4657,2.6638,175.0838,-4.916,21.6753,0.1676,-0.2624,10
-19.6239,-3.4377,2.8024,175.1839,-4.8158,21.8332,0.165,-0.2589,10
-19.6579,-3.4104,2.7452,175.2822,-4.7176,21.9903,0.1625,-0.255,10
-19.6917,-3.3836,2.6772,175.3789,-4.6209,22.1478,0.16,-0.2506,10
-19.7255,-3.356,2.7428,175.4745,-4.5252,22.3055,0.1575,-0.2467,10
-19.7588,-3.3278,2.8184,175.5687,-4.4311,22.4622,0.1551,-0.2435,10
-19.7917,-3.3002,2.7621,175.661,-4.3388,22.6182,0.1527,-0.2401,10
-19.8245,-3.2732,2.6943,175.7518,-4.2479,22.7739,0.1503,-0.2356,10
-19.8569,-3.245,2.8304,175.8413,-4.1585,22.9287,0.148,-0.2328,10
-19.8891,-3.2179,2.7022,175.9293,-4.0705,23.0837,0.1457,-0.2289,10
-19.9209,-3.1896,2.8377,176.0159,-3.9839,23.2374,0.1434,-0.226,10
-19.9526,-3.1625,2.7098,176.1011,-3.8987,23.3913,0.1412,-0.2223,10
-19.9838,-3.1342,2.8448,176.1849,-3.8149,23.5435,0.139,-0.2194,10
-20.0149,-3.107,2.7171,176.2673,-3.7325,23.6961,0.1369,-0.2159,10
-20.0458,-3.0791,2.7797,176.3487,-3.651,23.8485,0.1347,-0.2127,10
-20.0762,-3.0506,2.8544,176.4288,-3.571,23.9996,0.1326,-0.2103,10
-20.1065,-3.0233,2.7278,176.5075,-3.4922,24.1503,0.1306,-0.2066,10
-20.1364,-2.9948,2.8611,176.5849,-3.4148,24.2998,0.1285,-0.2045,10
-20.1663,-2.9679,2.6647,176.6614,-3.3384,24.45,0.1265,-0.2002,10
-20.1955,-2.9381,2.9971,176.7365,-3.2633,24.5976,0.1245,-0.1993,10
-20.2248,-2.9118,2.6129,176.8103,-3.1894,24.7462,0.1226,-0.1948,10
-20.2536,-2.8825,2.9295,176.8832,-3.1166,24.8931,0.1206,-0.1932,10
-20.282,-2.8545,2.8186,176.9544,-3.0453,25.0381,0.1187,-0.1905,10
-20.3104,-2.8276,2.6797,177.0248,-2.975,25.1842,0.1169,-0.1868,10
-20.3384,-2.7982,2.9374,177.0942,-2.9056,25.3286,0.115,-0.1855,10
-20.3659,-2.7701,2.8275,177.162,-2.8377,25.4711,0.1132,-0.183,10
-20.3935,-2.7431,2.688,177.2289,-2.7708,25.6146,0.1114,-0.1794,10
-20.4206,-2.7137,2.9452,177.295,-2.7048,25.756,0.1096,-0.1782,10
-20.4474,-2.686,2.7639,177.3598,-2.64,25.8971,0.1078,-0.1754,10
-20.4741,-2.6577,2.8225,177.4237,-2.576,26.0376,0.1061,-0.1731,10
-20.5003,-2.6289,2.8969,177.4864,-2.5133,26.176,0.1044,-0.1714,10
-20.5263,-2.6012,2.7715,177.548,-2.4518,26.3138,0.1027,-0.1686,10
-20.552,-2.5729,2.8297,177.6087,-2.3911,26.4511,0.1011,-0.1666,10
-20.5775,-2.5445,2.8319,177.6685,-2.3313,26.5872,0.0994,-0.1642,10
-20.6026,-2.5156,2.9065,177.7272,-2.2726,26.7215,0.0978,-0.163,10
-20.6276,-2.4882,2.7108,177.785,-2.2148,26.8567,0.0962,-0.1597,10
-20.6522,-2.4586,2.9647,177.842,-2.1578,26.9897,0.0946,-0.1591,10
-20.6766,-2.4307,2.7859,177.8978,-2.1019,27.1214,0.093,-0.1563,10
-20.7004,-2.4018,2.9158,177.9525,-2.0472,27.2509,0.0915,-0.1552,10
-20.7243,-2.3744,2.7187,178.0064,-1.9933,27.3811,0.0899,-0.152,10
-20.7476,-2.3448,2.9735,178.0595,-1.9402,27.5091,0.0884,-0.1516,10
-20.7707,-2.317,2.7941,178.1115,-1.8883,27.6362,0.0869,-0.1492,10
-20.7936,-2.2885,2.8504,178.1627,-1.8371,27.7623,0.0855,-0.1475,10
-20.8162,-2.2599,2.8522,178.2131,-1.7867,27.8874,0.084,-0.1458,10
-20.8386,-2.2313,2.8539,178.2627,-1.737,28.0116,0.0826,-0.1441,10
-20.8608,-2.2025,2.8556,178.3116,-1.6882,28.1347,0.0811,-0.1425,10
-20.8824,-2.1734,2.9315,178.3594,-1.6404,28.255,0.0797,-0.1416,10
-20.9037,-2.1455,2.8055,178.4061,-1.5937,28.3746,0.0783,-0.1394,10
-20.9251,-2.1173,2.7885,178.4523,-1.5475,28.4948,0.077,-0.1372,10
-20.946,-2.0875,2.9888,178.4978,-1.502,28.6118,0.0756,-0.137,10
-20.9666,-2.0594,2.8111,178.5422,-1.4575,28.728,0.0742,-0.1349,10
-20.9869,-2.0307,2.8656,178.5859,-1.4138,28.843,0.0729,-0.1335,10
-21.007,-2.0019,2.867,178.6289,-1.3709,28.9571,0.0716,-0.1322,10
-21.0265,-1.9728,2.945,178.6708,-1.3289,29.0678,0.0703,-0.1315,10
-21.046,-1.9452,2.7431,178.712,-1.2878,29.1794,0.069,-0.1287,10
-21.0653,-1.9158,2.9229,178.7528,-1.247,29.2895,0.0677,-0.1281,10
-21.084,-1.8866,2.9495,178.7925,-1.2072,29.3967,0.0664,-0.1277,10
-21.1028,-1.8588,2.7475,178.8316,-1.1682,29.5044,0.0652,-0.1249,10
-21.1209,-1.829,3.0044,178.8699,-1.1299,29.6093,0.0639,-0.1253,10
-21.1389,-1.8009,2.8247,178.9072,-1.0926,29.7128,0.0627,-0.1233,10
-21.1568,-1.7725,2.8027,178.9441,-1.0556,29.8161,0.0615,-0.1212,10
-21.1742,-1.7426,3.0082,178.9803,-1.0194,29.9168,0.0603,-0.1219,10
-21.1912,-1.7144,2.8289,179.0156,-0.9842,30.0164,0.0591,-0.12,10
-21.208,-1.6856,2.8821,179.0501,-0.9497,30.1142,0.0579,-0.1188,10
-21.2246,-1.6569,2.8832,179.0839,-0.9158,30.2105,0.0567,-0.1178,10
-21.2408,-1.6281,2.8844,179.1171,-0.8827,30.3053,0.0555,-0.1168,10
-21.2571,-1.5995,2.8078,179.1499,-0.8499,30.4005,0.0544,-0.1148,10
-21.2728,-1.5694,3.0162,179.182,-0.8178,30.4926,0.0532,-0.1158,10
-21.2882,-1.5411,2.8365,179.2131,-0.7866,30.5831,0.0521,-0.1139,10
-21.3033,-1.5122,2.8887,179.2436,-0.7562,30.6727,0.0509,-0.113,10
-21.3181,-1.4833,2.8897,179.2734,-0.7264,30.7597,0.0498,-0.112,10
-21.3326,-1.4544,2.8907,179.3025,-0.6972,30.8458,0.0487,-0.1112,10
-21.3469,-1.4256,2.8917,179.331,-0.6687,30.9302,0.0476,-0.1103,10
-21.3608,-1.3967,2.8927,179.3588,-0.6409,31.013,0.0465,-0.1095,10
-21.3745,-1.3678,2.8937,179.386,-0.6137,31.0945,0.0454,-0.1087,10
-21.3878,-1.3389,2.8947,179.4125,-0.5872,31.1739,0.0444,-0.1079,10
-21.4009,-1.31,2.8956,179.4384,-0.5613,31.2516,0.0433,-0.1071,10
-21.4137,-1.2811,2.8966,179.4636,-0.5361,31.3283,0.0422,-0.1064,10
-21.4265,-1.2523,2.8126,179.4885,-0.5112,31.4049,0.0412,-0.1045,10
-21.4387,-1.2221,3.0349,179.5128,-0.487,31.4777,0.0401,-0.1061,10
-21.4505,-1.1938,2.8489,179.5361,-0.4637,31.5491,0.0391,-0.1043,10
-21.4621,-1.1649,2.9002,179.5588,-0.441,31.6188,0.038,-0.1036,10
-21.4734,-1.1361,2.9012,179.5808,-0.419,31.6866,0.037,-0.1029,10
-21.4847,-1.1074,2.8121,179.6025,-0.3972,31.755,0.036,-0.101,10
-21.4954,-1.0773,3.0451,179.6236,-0.3762,31.8195,0.035,-0.1031,10
-21.5057,-1.0491,2.8532,179.6438,-0.356,31.8822,0.034,-0.1011,10
-21.5161,-1.0204,2.8109,179.6636,-0.3362,31.9447,0.033,-0.0991,10
-21.5259,-0.9904,3.0525,179.6828,-0.317,32.004,0.032,-0.1015,10
-21.5357,-0.9623,2.7601,179.7014,-0.2984,32.0635,0.031,-0.098,10
-21.5448,-0.9323,3.0582,179.7194,-0.2804,32.119,0.03,-0.1005,10
-21.554,-0.9044,2.7582,179.7367,-0.263,32.1747,0.029,-0.0969,10
-21.5628,-0.8745,2.9544,179.7538,-0.246,32.2284,0.028,-0.0979,10
-21.5713,-0.8452,2.907,179.7702,-0.2296,32.2806,0.027,-0.0975,10
-21.5793,-0.8159,3.0215,179.7857,-0.2141,32.3291,0.0261,-0.099,10
-21.5872,-0.7882,2.7527,179.8006,-0.1991,32.377,0.0251,-0.0948,10
-21.5948,-0.7585,2.9586,179.8152,-0.1846,32.4233,0.0241,-0.0962,10
-21.6021,-0.7294,2.9108,179.8292,-0.1706,32.468,0.0232,-0.0959,10
-21.6091,-0.7004,2.9118,179.8426,-0.1572,32.5107,0.0222,-0.0955,10
-21.6157,-0.6715,2.913,179.8554,-0.1444,32.5518,0.0213,-0.0952,10
-21.6224,-0.6425,2.7955,179.8678,-0.1319,32.5926,0.0203,-0.0926,10
-21.6284,-0.612,3.0873,179.8797,-0.1201,32.6301,0.0194,-0.0968,10
-21.6342,-0.5839,2.8664,179.8907,-0.1091,32.6651,0.0184,-0.0942,10
-21.6399,-0.5551,2.7868,179.9013,-0.0984,32.7002,0.0175,-0.0913,10
-21.645,-0.525,3.1083,179.9114,-0.0884,32.7312,0.0166,-0.0964,10
-21.6501,-0.497,2.7301,179.9209,-0.0789,32.7626,0.0156,-0.0906,10
-21.6549,-0.4667,2.9593,179.93,-0.0697,32.792,0.0147,-0.093,10
-21.659,-0.4375,3.0887,179.9383,-0.0614,32.8176,0.0138,-0.0964,10
-21.6631,-0.4101,2.7131,179.946,-0.0537,32.8432,0.0129,-0.0894,10
-21.667,-0.3802,2.9662,179.9534,-0.0464,32.8672,0.0119,-0.0925,10
-21.6705,-0.351,2.9208,179.9602,-0.0396,32.8886,0.011,-0.0923,10
-21.6737,-0.3221,2.9243,179.9664,-0.0334,32.9084,0.0101,-0.0922,10
-21.6769,-0.2922,2.7286,179.9723,-0.0275,32.9278,0.0091,-0.0874,10
-21.6794,-0.2611,3.1891,179.9776,-0.0222,32.9439,0.0082,-0.097,10
-21.6816,-0.2335,2.8891,179.982,-0.0177,32.9578,0.0073,-0.0923,10
-21.6839,-0.2041,2.6787,179.9862,-0.0136,32.9717,0.0064,-0.0855,10
-21.6855,-0.1737,3.3171,179.9897,-0.0101,32.9814,0.0055,-0.1002,10
-21.6871,-0.1455,2.5704,179.9926,-0.0071,32.9912,0.0045,-0.0835,10
-21.6883,-0.1126,2.9068,179.9953,-0.0045,32.9988,0.0035,-0.0897,10
-21.689,-0.0843,3.7788,179.9971,-0.0027,33.003,0.0027,-0.1144,10
-21.6896,-0.059,2.3382,179.9982,-0.0015,33.0068,0.0018,-0.0768,10
-21.6899,-0.0213,2.5436,179.9991,-0.0006,33.0068,0.0007,-0.0787,10